{
    "accuracy": 0.7607731305449936,
    "classification_report": {
        "1": {
            "precision": 0.9434589800443459,
            "recall": 0.9481894150417828,
            "f1-score": 0.945818282856349,
            "support": 1795.0
        },
        "2": {
            "precision": 0.9726459758022094,
            "recall": 0.942886282508924,
            "f1-score": 0.9575349559813569,
            "support": 1961.0
        },
        "3": {
            "precision": 0.4751354012801576,
            "recall": 0.5168719871451527,
            "f1-score": 0.49512570548999485,
            "support": 1867.0
        },
        "4": {
            "precision": 0.47415865384615385,
            "recall": 0.4052388289676425,
            "f1-score": 0.43699806147881476,
            "support": 1947.0
        },
        "5": {
            "precision": 0.9177949709864603,
            "recall": 1.0,
            "f1-score": 0.957135653050933,
            "support": 1898.0
        },
        "accuracy": 0.7607731305449936,
        "macro avg": {
            "precision": 0.7566387963918654,
            "recall": 0.7626373027327004,
            "f1-score": 0.7585225317714896,
            "support": 9468.0
        },
        "weighted avg": {
            "precision": 0.7555035040017481,
            "recall": 0.7607731305449936,
            "f1-score": 0.7570076313631526,
            "support": 9468.0
        }
    },
    "confusion_matrix": [
        [
            1702,
            3,
            10,
            80,
            0
        ],
        [
            1,
            1849,
            11,
            100,
            0
        ],
        [
            63,
            40,
            965,
            695,
            104
        ],
        [
            38,
            9,
            1045,
            789,
            66
        ],
        [
            0,
            0,
            0,
            0,
            1898
        ]
    ],
    "data_size": 47340,
    "last_trained": "January 2025"
}